ts,id,combustible,precio
2026-08-19T00:28Z,9,g95e5,1.639
2026-08-19T00:28Z,9,gA,1.769
2026-08-19T00:28Z,158,g95e5,1.609
2026-08-19T00:28Z,158,gA,1.729
2026-08-19T00:28Z,158,gP,1.739
2026-08-19T00:28Z,158,g95e5p,1.619
2026-08-19T00:28Z,343,g95e5,1.629
2026-08-19T00:28Z,343,gA,1.679
2026-08-19T00:28Z,343,gP,1.689
2026-08-19T00:28Z,343,g95e5p,1.639
2026-08-19T00:28Z,530,g95e5,1.649
2026-08-19T00:28Z,530,gA,1.759
2026-08-19T00:28Z,530,gP,1.769
2026-08-19T00:28Z,579,g95e5,1.709
2026-08-19T00:28Z,579,gA,1.769
2026-08-19T00:28Z,579,gP,1.779
2026-08-19T00:28Z,923,g95e5,1.709
2026-08-19T00:28Z,923,gA,1.779
2026-08-19T00:28Z,923,gP,1.789
2026-08-19T00:28Z,1059,g95e5,1.649
2026-08-19T00:28Z,1059,gA,1.729
2026-08-19T00:28Z,1059,gP,1.739
2026-08-19T00:28Z,1068,g95e5,1.609
2026-08-19T00:28Z,1068,gA,1.729
2026-08-19T00:28Z,1068,gP,1.739
2026-08-19T00:28Z,1068,g95e5p,1.619
2026-08-19T00:28Z,1073,g95e5,1.669
2026-08-19T00:28Z,1073,gA,1.749
2026-08-19T00:28Z,1073,gP,1.759
2026-08-19T00:28Z,1073,g95e5p,1.679
2026-08-19T00:28Z,1093,g95e5,1.689
2026-08-19T00:28Z,1093,gA,1.799
2026-08-19T00:28Z,1093,gP,1.809
2026-08-19T00:28Z,1093,g95e5p,1.699
2026-08-19T00:28Z,1109,g95e5,1.709
2026-08-19T00:28Z,1109,gA,1.749
2026-08-19T00:28Z,1109,gP,1.759
2026-08-19T00:28Z,1438,gA,1.919
2026-08-19T00:28Z,1438,gP,1.999
2026-08-19T00:28Z,1441,gA,1.919
2026-08-19T00:28Z,1441,gP,1.999
2026-08-19T00:28Z,1471,gA,1.824
2026-08-19T00:28Z,1492,gA,1.914
2026-08-19T00:28Z,1492,gP,1.999
2026-08-19T00:28Z,1493,gA,1.898
2026-08-19T00:28Z,1493,gP,1.998
2026-08-19T00:28Z,1494,g95e5,1.639
2026-08-19T00:28Z,1494,gA,1.759
2026-08-19T00:28Z,1494,gP,1.769
2026-08-19T00:28Z,1494,g95e5p,1.649
2026-08-19T00:28Z,1495,gA,1.888
2026-08-19T00:28Z,1495,gP,1.988
2026-08-19T00:28Z,1783,g95e5,1.599
2026-08-19T00:28Z,1783,gA,1.759
2026-08-19T00:28Z,1783,gP,1.769
2026-08-19T00:28Z,1783,g95e5p,1.609
2026-08-19T00:28Z,1791,g95e5,1.529
2026-08-19T00:28Z,1791,gA,1.729
2026-08-19T00:28Z,1791,gP,1.739
2026-08-19T00:28Z,1791,g95e5p,1.539
2026-08-19T00:28Z,2228,g95e5,1.569
2026-08-19T00:28Z,2228,gA,1.749
2026-08-19T00:28Z,2228,gP,1.759
2026-08-19T00:28Z,2228,g95e5p,1.579
2026-08-19T00:28Z,2283,g95e5,1.609
2026-08-19T00:28Z,2283,gA,1.779
2026-08-19T00:28Z,2283,gP,1.789
2026-08-19T00:28Z,2283,g95e5p,1.619
2026-08-19T00:28Z,2284,g95e5,1.609
2026-08-19T00:28Z,2284,gA,1.779
2026-08-19T00:28Z,2284,gP,1.789
2026-08-19T00:28Z,2284,g95e5p,1.619
2026-08-19T00:28Z,2297,g95e5,1.629
2026-08-19T00:28Z,2297,gA,1.729
2026-08-19T00:28Z,2297,gP,1.739
2026-08-19T00:28Z,2297,g95e5p,1.639
2026-08-19T00:28Z,2310,g95e5,1.609
2026-08-19T00:28Z,2310,gA,1.719
2026-08-19T00:28Z,2310,gP,1.729
2026-08-19T00:28Z,2310,g95e5p,1.619
2026-08-19T00:28Z,2455,g95e5,1.599
2026-08-19T00:28Z,2455,gA,1.759
2026-08-19T00:28Z,2455,gP,1.769
2026-08-19T00:28Z,2455,g95e5p,1.609
2026-08-19T00:28Z,2523,g95e5,1.609
2026-08-19T00:28Z,2523,gA,1.729
2026-08-19T00:28Z,2523,gP,1.739
2026-08-19T00:28Z,2523,g95e5p,1.619
2026-08-19T00:28Z,2624,g95e5,1.869
2026-08-19T00:28Z,2624,gA,1.989
2026-08-19T00:28Z,2624,g98e5,1.989
2026-08-19T00:28Z,2672,g95e5,1.779
2026-08-19T00:28Z,2672,gA,1.879
2026-08-19T00:28Z,2672,gP,1.889
2026-08-19T00:28Z,2790,g95e5,1.639
2026-08-19T00:28Z,2790,gA,1.769
2026-08-19T00:28Z,2869,g95e5,1.649
2026-08-19T00:28Z,2869,gA,1.759
2026-08-19T00:28Z,2869,gP,1.769
2026-08-19T00:28Z,2869,g95e5p,1.659
2026-08-19T00:28Z,2881,g95e5,1.629
2026-08-19T00:28Z,2881,gA,1.789
2026-08-19T00:28Z,2881,gP,1.799
2026-08-19T00:28Z,2881,g95e5p,1.639
2026-08-19T00:28Z,2933,g95e5,1.559
2026-08-19T00:28Z,2933,gA,1.729
2026-08-19T00:28Z,2933,gP,1.739
2026-08-19T00:28Z,2934,g95e5,1.559
2026-08-19T00:28Z,2934,gA,1.729
2026-08-19T00:28Z,2934,gP,1.739
2026-08-19T00:28Z,2976,g95e5,1.569
2026-08-19T00:28Z,2976,gA,1.749
2026-08-19T00:28Z,2976,gP,1.759
2026-08-19T00:28Z,2976,g95e5p,1.579
2026-08-19T00:28Z,3097,g95e5,1.629
2026-08-19T00:28Z,3097,gA,1.739
2026-08-19T00:28Z,3099,g95e5,1.689
2026-08-19T00:28Z,3099,gA,1.809
2026-08-19T00:28Z,3099,gP,1.819
2026-08-19T00:28Z,3153,g95e5,1.659
2026-08-19T00:28Z,3153,gA,1.799
2026-08-19T00:28Z,3153,gP,1.809
2026-08-19T00:28Z,3154,g95e5,1.639
2026-08-19T00:28Z,3154,gA,1.779
2026-08-19T00:28Z,3154,gP,1.789
2026-08-19T00:28Z,3194,g95e5,1.669
2026-08-19T00:28Z,3194,gA,1.769
2026-08-19T00:28Z,3194,gP,1.779
2026-08-19T00:28Z,3195,g95e5,1.669
2026-08-19T00:28Z,3195,gA,1.769
2026-08-19T00:28Z,3195,gP,1.779
2026-08-19T00:28Z,3213,g95e5,1.679
2026-08-19T00:28Z,3213,gA,1.809
2026-08-19T00:28Z,3213,gP,1.819
2026-08-19T00:28Z,3291,g95e5,1.609
2026-08-19T00:28Z,3291,gA,1.729
2026-08-19T00:28Z,3291,gP,1.739
2026-08-19T00:28Z,3421,g95e5,1.597
2026-08-19T00:28Z,3421,gA,1.689
2026-08-19T00:28Z,3421,gP,1.699
2026-08-19T00:28Z,3423,g95e5,1.699
2026-08-19T00:28Z,3423,gA,1.779
2026-08-19T00:28Z,3423,gP,1.789
2026-08-19T00:28Z,3424,gA,1.964
2026-08-19T00:28Z,3424,gP,2.054
2026-08-19T00:28Z,3425,gA,1.964
2026-08-19T00:28Z,3425,gP,2.054
2026-08-19T00:28Z,3709,g95e5,1.649
2026-08-19T00:28Z,3709,gA,1.749
2026-08-19T00:28Z,3709,gP,1.759
2026-08-19T00:28Z,3833,g95e5,1.529
2026-08-19T00:28Z,3833,gA,1.659
2026-08-19T00:28Z,3833,gP,1.669
2026-08-19T00:28Z,3833,g95e5p,1.539
2026-08-19T00:28Z,3945,g95e5,1.629
2026-08-19T00:28Z,3945,gA,1.749
2026-08-19T00:28Z,3945,gP,1.759
2026-08-19T00:28Z,3945,g95e5p,1.639
2026-08-19T00:28Z,4001,g95e5,1.669
2026-08-19T00:28Z,4001,gA,1.799
2026-08-19T00:28Z,4001,gP,1.809
2026-08-19T00:28Z,4013,g95e5,1.539
2026-08-19T00:28Z,4013,gA,1.649
2026-08-19T00:28Z,4082,g95e5,1.829
2026-08-19T00:28Z,4082,gA,1.929
2026-08-19T00:28Z,4082,gP,2.019
2026-08-19T00:28Z,4102,g95e5,1.679
2026-08-19T00:28Z,4102,gA,1.749
2026-08-19T00:28Z,4102,gP,1.759
2026-08-19T00:28Z,4102,g95e5p,1.689
2026-08-19T00:28Z,4232,g95e5,1.789
2026-08-19T00:28Z,4232,gA,1.949
2026-08-19T00:28Z,4232,gP,2.049
2026-08-19T00:28Z,4232,g98e5,1.929
2026-08-19T00:28Z,4360,g95e5,1.669
2026-08-19T00:28Z,4360,gA,1.779
2026-08-19T00:28Z,4360,gP,1.789
2026-08-19T00:28Z,4361,g95e5,1.669
2026-08-19T00:28Z,4361,gA,1.779
2026-08-19T00:28Z,4361,gP,1.789
2026-08-19T00:28Z,4374,g95e5,1.669
2026-08-19T00:28Z,4374,gA,1.809
2026-08-19T00:28Z,4374,gP,1.819
2026-08-19T00:28Z,4414,g95e5,1.669
2026-08-19T00:28Z,4414,gA,1.809
2026-08-19T00:28Z,4414,gP,1.819
2026-08-19T00:28Z,4444,g95e5,1.679
2026-08-19T00:28Z,4444,gA,1.789
2026-08-19T00:28Z,4444,gP,1.799
2026-08-19T00:28Z,4444,g95e5p,1.689
2026-08-19T00:28Z,4464,g95e5,1.659
2026-08-19T00:28Z,4464,gA,1.759
2026-08-19T00:28Z,4464,gP,1.769
2026-08-19T00:28Z,4464,g95e5p,1.669
2026-08-19T00:28Z,4535,g95e5,1.639
2026-08-19T00:28Z,4535,gA,1.759
2026-08-19T00:28Z,4535,gP,1.769
2026-08-19T00:28Z,4589,g95e5,1.679
2026-08-19T00:28Z,4589,gA,1.809
2026-08-19T00:28Z,4590,g95e5,1.669
2026-08-19T00:28Z,4590,gA,1.809
2026-08-19T00:28Z,4627,g95e5,1.589
2026-08-19T00:28Z,4627,gA,1.759
2026-08-19T00:28Z,4627,gP,1.769
2026-08-19T00:28Z,4627,g95e5p,1.599
2026-08-19T00:28Z,4681,g95e5,1.649
2026-08-19T00:28Z,4681,gA,1.679
2026-08-19T00:28Z,4681,gP,1.689
2026-08-19T00:28Z,4686,g95e5,1.639
2026-08-19T00:28Z,4686,gA,1.699
2026-08-19T00:28Z,4691,g95e5,1.669
2026-08-19T00:28Z,4691,gA,1.809
2026-08-19T00:28Z,4691,gP,1.819
2026-08-19T00:28Z,4744,g95e5,1.689
2026-08-19T00:28Z,4744,gA,1.809
2026-08-19T00:28Z,4744,gP,1.819
2026-08-19T00:28Z,4744,g95e5p,1.699
2026-08-19T00:28Z,4798,g95e5,1.649
2026-08-19T00:28Z,4798,gA,1.765
2026-08-19T00:28Z,4798,gP,1.775
2026-08-19T00:28Z,4872,g95e5,1.649
2026-08-19T00:28Z,4872,gA,1.765
2026-08-19T00:28Z,4872,gP,1.775
2026-08-19T00:28Z,4882,gA,1.974
2026-08-19T00:28Z,4882,gP,2.074
2026-08-19T00:28Z,4885,g95e5,1.549
2026-08-19T00:28Z,4885,gA,1.729
2026-08-19T00:28Z,4885,gP,1.739
2026-08-19T00:28Z,4891,gA,1.989
2026-08-19T00:28Z,4891,gP,2.089
2026-08-19T00:28Z,4986,gA,1.974
2026-08-19T00:28Z,4986,gP,2.064
2026-08-19T00:28Z,4990,gA,1.974
2026-08-19T00:28Z,4990,gP,2.064
2026-08-19T00:28Z,5096,g95e5,1.659
2026-08-19T00:28Z,5096,gA,1.769
2026-08-19T00:28Z,5096,gP,1.779
2026-08-19T00:28Z,5164,gA,1.949
2026-08-19T00:28Z,5164,gB,1.649
2026-08-19T00:28Z,5175,g95e5,1.609
2026-08-19T00:28Z,5175,gA,1.719
2026-08-19T00:28Z,5175,gP,1.729
2026-08-19T00:28Z,5175,g95e5p,1.619
2026-08-19T00:28Z,5600,g95e5,1.679
2026-08-19T00:28Z,5600,gA,1.719
2026-08-19T00:28Z,5600,gP,1.729
2026-08-19T00:28Z,5630,g95e5,1.579
2026-08-19T00:28Z,5630,gA,1.757
2026-08-19T00:28Z,5630,gP,1.767
2026-08-19T00:28Z,5641,g95e5,1.619
2026-08-19T00:28Z,5641,gA,1.739
2026-08-19T00:28Z,5665,g95e5,1.699
2026-08-19T00:28Z,5665,gA,1.729
2026-08-19T00:28Z,5665,gP,1.739
2026-08-19T00:28Z,5673,g95e5,1.705
2026-08-19T00:28Z,5673,gA,1.789
2026-08-19T00:28Z,5673,gP,1.799
2026-08-19T00:28Z,5683,g95e5,1.705
2026-08-19T00:28Z,5683,gA,1.789
2026-08-19T00:28Z,5683,gP,1.799
2026-08-19T00:28Z,5692,g95e5,1.689
2026-08-19T00:28Z,5692,gA,1.799
2026-08-19T00:28Z,5692,gP,1.809
2026-08-19T00:28Z,5709,g95e5,1.739
2026-08-19T00:28Z,5709,gA,1.789
2026-08-19T00:28Z,5709,gP,1.799
2026-08-19T00:28Z,5803,gA,1.939
2026-08-19T00:28Z,5803,gP,2.029
2026-08-19T00:28Z,5921,g95e5,1.609
2026-08-19T00:28Z,5921,gA,1.769
2026-08-19T00:28Z,6065,gA,1.974
2026-08-19T00:28Z,6065,gP,2.064
2026-08-19T00:28Z,6136,g95e5,1.735
2026-08-19T00:28Z,6136,gA,1.849
2026-08-19T00:28Z,6136,gP,1.859
2026-08-19T00:28Z,6139,g95e5,1.639
2026-08-19T00:28Z,6139,gA,1.719
2026-08-19T00:28Z,6139,gP,1.729
2026-08-19T00:28Z,6161,g95e5,1.739
2026-08-19T00:28Z,6161,gA,1.859
2026-08-19T00:28Z,6161,gP,1.869
2026-08-19T00:28Z,6180,gA,1.929
2026-08-19T00:28Z,6180,gP,1.989
2026-08-19T00:28Z,6418,g95e5,1.639
2026-08-19T00:28Z,6418,gA,1.699
2026-08-19T00:28Z,6418,gP,1.709
2026-08-19T00:28Z,6439,g95e5,1.609
2026-08-19T00:28Z,6439,gA,1.729
2026-08-19T00:28Z,6439,gP,1.739
2026-08-19T00:28Z,6583,g95e5,1.639
2026-08-19T00:28Z,6583,gA,1.789
2026-08-19T00:28Z,6583,gP,1.799
2026-08-19T00:28Z,6631,g95e5,1.599
2026-08-19T00:28Z,6631,gA,1.789
2026-08-19T00:28Z,6631,gP,1.799
2026-08-19T00:28Z,6631,g95e5p,1.609
2026-08-19T00:28Z,6635,g95e5,1.649
2026-08-19T00:28Z,6635,gA,1.809
2026-08-19T00:28Z,6635,gP,1.819
2026-08-19T00:28Z,6640,g95e5,1.649
2026-08-19T00:28Z,6640,gA,1.809
2026-08-19T00:28Z,6640,gP,1.819
2026-08-19T00:28Z,6649,g95e5,1.615
2026-08-19T00:28Z,6649,gA,1.775
2026-08-19T00:28Z,6649,gP,1.785
2026-08-19T00:28Z,6654,g95e5,1.609
2026-08-19T00:28Z,6654,gA,1.779
2026-08-19T00:28Z,6654,gP,1.789
2026-08-19T00:28Z,6654,g95e5p,1.619
2026-08-19T00:28Z,6787,g95e5,1.659
2026-08-19T00:28Z,6787,gA,1.769
2026-08-19T00:28Z,6787,gP,1.779
2026-08-19T00:28Z,6816,gA,1.935
2026-08-19T00:28Z,6816,gP,1.995
2026-08-19T00:28Z,7049,g95e5,1.619
2026-08-19T00:28Z,7049,gA,1.759
2026-08-19T00:28Z,7049,gP,1.769
2026-08-19T00:28Z,7190,gA,2.009
2026-08-19T00:28Z,7190,gP,2.089
2026-08-19T00:28Z,7332,g95e5,1.629
2026-08-19T00:28Z,7332,gA,1.745
2026-08-19T00:28Z,7332,gP,1.755
2026-08-19T00:28Z,7333,g95e5,1.629
2026-08-19T00:28Z,7333,gA,1.745
2026-08-19T00:28Z,7333,gP,1.755
2026-08-19T00:28Z,7348,g95e5,1.615
2026-08-19T00:28Z,7348,gA,1.799
2026-08-19T00:28Z,7356,g95e5,1.649
2026-08-19T00:28Z,7356,gA,1.765
2026-08-19T00:28Z,7356,gP,1.775
2026-08-19T00:28Z,7519,g95e5,1.679
2026-08-19T00:28Z,7519,gA,1.799
2026-08-19T00:28Z,7519,gP,1.809
2026-08-19T00:28Z,7528,g95e5,1.799
2026-08-19T00:28Z,7528,gA,2.009
2026-08-19T00:28Z,7528,gP,2.069
2026-08-19T00:28Z,7528,g98e5,1.969
2026-08-19T00:28Z,7767,gA,1.629
2026-08-19T00:28Z,8082,g95e5,1.649
2026-08-19T00:28Z,8082,gA,1.758
2026-08-19T00:28Z,8082,gP,1.768
2026-08-19T00:28Z,8255,gA,1.419
2026-08-19T00:28Z,8255,gP,1.519
2026-08-19T00:28Z,8517,g95e5,1.649
2026-08-19T00:28Z,8517,gA,1.789
2026-08-19T00:28Z,8517,gP,1.799
2026-08-19T00:28Z,8777,g95e5,1.639
2026-08-19T00:28Z,8777,gA,1.759
2026-08-19T00:28Z,8777,gP,1.769
2026-08-19T00:28Z,8892,g95e5,1.609
2026-08-19T00:28Z,8892,gA,1.709
2026-08-19T00:28Z,8892,gP,1.719
2026-08-19T00:28Z,8892,g95e5p,1.619
2026-08-19T00:28Z,8896,g95e5,1.669
2026-08-19T00:28Z,8896,gA,1.799
2026-08-19T00:28Z,9104,g95e5,1.609
2026-08-19T00:28Z,9104,gA,1.699
2026-08-19T00:28Z,9104,gP,1.709
2026-08-19T00:28Z,9405,g95e5,1.765
2026-08-19T00:28Z,9405,g98e5,1.905
2026-08-19T00:28Z,9825,g95e5,1.679
2026-08-19T00:28Z,9825,gA,1.819
2026-08-19T00:28Z,9825,gP,1.829
2026-08-19T00:28Z,9960,g95e5,1.679
2026-08-19T00:28Z,9960,gA,1.719
2026-08-19T00:28Z,9960,gP,1.729
2026-08-19T00:28Z,10261,g95e5,1.709
2026-08-19T00:28Z,10261,gA,1.809
2026-08-19T00:28Z,10261,gP,1.819
2026-08-19T00:28Z,10506,g95e5,1.449
2026-08-19T00:28Z,10506,gA,1.519
2026-08-19T00:28Z,10506,gP,1.619
2026-08-19T00:28Z,10506,g98e5,1.549
2026-08-19T00:28Z,10858,g95e5,1.609
2026-08-19T00:28Z,10858,gA,1.709
2026-08-19T00:28Z,10858,gP,1.719
2026-08-19T00:28Z,10944,g95e5,1.639
2026-08-19T00:28Z,10944,gA,1.759
2026-08-19T00:28Z,11246,g95e5,1.669
2026-08-19T00:28Z,11246,gA,1.799
2026-08-19T00:28Z,11246,gP,1.809
2026-08-19T00:28Z,11452,g95e5,1.629
2026-08-19T00:28Z,11452,gA,1.749
2026-08-19T00:28Z,11452,gP,1.759
2026-08-19T00:28Z,11452,g95e5p,1.639
2026-08-19T00:28Z,11645,g95e5,1.629
2026-08-19T00:28Z,11645,gA,1.759
2026-08-19T00:28Z,11645,gP,1.769
2026-08-19T00:28Z,11651,g95e5,1.799
2026-08-19T00:28Z,11651,gA,1.905
2026-08-19T00:28Z,11866,g95e5,1.669
2026-08-19T00:28Z,11866,gA,1.809
2026-08-19T00:28Z,11866,gP,1.819
2026-08-19T00:28Z,11935,g95e5,1.649
2026-08-19T00:28Z,11935,gA,1.759
2026-08-19T00:28Z,11983,g95e5,1.609
2026-08-19T00:28Z,11983,gA,1.719
2026-08-19T00:28Z,11983,gP,1.729
2026-08-19T00:28Z,12007,g95e5,1.609
2026-08-19T00:28Z,12007,gA,1.769
2026-08-19T00:28Z,12092,g95e5,1.629
2026-08-19T00:28Z,12092,gA,1.759
2026-08-19T00:28Z,12157,g95e5,1.635
2026-08-19T00:28Z,12157,gA,1.755
2026-08-19T00:28Z,12197,g95e5,1.669
2026-08-19T00:28Z,12197,gA,1.779
2026-08-19T00:28Z,12224,g95e5,1.629
2026-08-19T00:28Z,12224,gA,1.779
2026-08-19T00:28Z,12270,g95e5,1.709
2026-08-19T00:28Z,12270,gA,1.859
2026-08-19T00:28Z,12278,g95e5,1.659
2026-08-19T00:28Z,12278,gA,1.769
2026-08-19T00:28Z,12287,g95e5,1.609
2026-08-19T00:28Z,12287,gA,1.789
2026-08-19T00:28Z,12333,g95e5,1.609
2026-08-19T00:28Z,12333,gA,1.729
2026-08-19T00:28Z,12333,gP,1.739
2026-08-19T00:28Z,12333,g95e5p,1.619
2026-08-19T00:28Z,12368,g95e5,1.559
2026-08-19T00:28Z,12368,gA,1.729
2026-08-19T00:28Z,12417,g95e5,1.659
2026-08-19T00:28Z,12417,gA,1.769
2026-08-19T00:28Z,12468,g95e5,1.539
2026-08-19T00:28Z,12468,gA,1.719
2026-08-19T00:28Z,12508,g95e5,1.599
2026-08-19T00:28Z,12508,gA,1.719
2026-08-19T00:28Z,12522,g95e5,1.639
2026-08-19T00:28Z,12522,gA,1.779
2026-08-19T00:28Z,12557,g95e5,1.639
2026-08-19T00:28Z,12557,gA,1.789
2026-08-19T00:28Z,12593,g95e5,1.669
2026-08-19T00:28Z,12593,gA,1.759
2026-08-19T00:28Z,12621,g95e5,1.679
2026-08-19T00:28Z,12621,gA,1.809
2026-08-19T00:28Z,12631,g95e5,1.609
2026-08-19T00:28Z,12631,gA,1.729
2026-08-19T00:28Z,12645,g95e5,1.629
2026-08-19T00:28Z,12645,gA,1.745
2026-08-19T00:28Z,12688,g95e5,1.629
2026-08-19T00:28Z,12688,gA,1.745
2026-08-19T00:28Z,12707,g95e5,1.609
2026-08-19T00:28Z,12707,gA,1.729
2026-08-19T00:28Z,12730,g95e5,1.609
2026-08-19T00:28Z,12730,gA,1.729
2026-08-19T00:28Z,12736,g95e5,1.609
2026-08-19T00:28Z,12736,gA,1.779
2026-08-19T00:28Z,12738,g95e5,1.727
2026-08-19T00:28Z,12738,gA,1.789
2026-08-19T00:28Z,12766,g95e5,1.699
2026-08-19T00:28Z,12766,gA,1.809
2026-08-19T00:28Z,12766,gP,1.819
2026-08-19T00:28Z,12772,g95e5,1.635
2026-08-19T00:28Z,12772,gA,1.775
2026-08-19T00:28Z,12780,g95e5,1.669
2026-08-19T00:28Z,12780,gA,1.769
2026-08-19T00:28Z,12782,g95e5,1.679
2026-08-19T00:28Z,12782,gA,1.799
2026-08-19T00:28Z,12782,gP,1.809
2026-08-19T00:28Z,12790,g95e5,1.669
2026-08-19T00:28Z,12790,gA,1.769
2026-08-19T00:28Z,12790,gP,1.779
2026-08-19T00:28Z,12796,g95e5,1.659
2026-08-19T00:28Z,12796,gA,1.809
2026-08-19T00:28Z,12800,g95e5,1.569
2026-08-19T00:28Z,12800,gA,1.689
2026-08-19T00:28Z,12809,g95e5,1.669
2026-08-19T00:28Z,12809,gA,1.779
2026-08-19T00:28Z,12818,g95e5,1.669
2026-08-19T00:28Z,12818,gA,1.789
2026-08-19T00:28Z,12828,g95e5,1.639
2026-08-19T00:28Z,12828,gA,1.769
2026-08-19T00:28Z,12868,g95e5,1.705
2026-08-19T00:28Z,12868,gA,1.789
2026-08-19T00:28Z,12869,gA,1.679
2026-08-19T00:28Z,12878,g95e5,1.669
2026-08-19T00:28Z,12878,gA,1.769
2026-08-19T00:28Z,12878,gP,1.779
2026-08-19T00:28Z,12885,g95e5,1.649
2026-08-19T00:28Z,12885,gA,1.789
2026-08-19T00:28Z,12888,g95e5,1.669
2026-08-19T00:28Z,12888,gA,1.809
2026-08-19T00:28Z,12888,gP,1.819
2026-08-19T00:28Z,12898,g95e5,1.649
2026-08-19T00:28Z,12898,gA,1.799
2026-08-19T00:28Z,12898,gP,1.809
2026-08-19T00:28Z,12923,g95e5,1.539
2026-08-19T00:28Z,12923,gA,1.669
2026-08-19T00:28Z,12933,g95e5,1.599
2026-08-19T00:28Z,12933,gA,1.689
2026-08-19T00:28Z,12963,g95e5,1.597
2026-08-19T00:28Z,12963,gA,1.727
2026-08-19T00:28Z,12973,g95e5,1.649
2026-08-19T00:28Z,12973,gA,1.759
2026-08-19T00:28Z,12987,g95e5,1.669
2026-08-19T00:28Z,12987,gA,1.769
2026-08-19T00:28Z,13004,g95e5,1.609
2026-08-19T00:28Z,13004,gA,1.729
2026-08-19T00:28Z,13013,g95e5,1.629
2026-08-19T00:28Z,13013,gA,1.729
2026-08-19T00:28Z,13020,g95e5,1.649
2026-08-19T00:28Z,13020,gA,1.799
2026-08-19T00:28Z,13066,g95e5,1.629
2026-08-19T00:28Z,13066,gA,1.745
2026-08-19T00:28Z,13148,g95e5,1.679
2026-08-19T00:28Z,13148,gA,1.809
2026-08-19T00:28Z,13155,g95e5,1.679
2026-08-19T00:28Z,13155,gA,1.809
2026-08-19T00:28Z,13159,g95e5,1.689
2026-08-19T00:28Z,13159,gA,1.799
2026-08-19T00:28Z,13162,g95e5,1.769
2026-08-19T00:28Z,13162,gA,1.909
2026-08-19T00:28Z,13166,g95e5,1.649
2026-08-19T00:28Z,13166,gA,1.729
2026-08-19T00:28Z,13167,g95e5,1.709
2026-08-19T00:28Z,13167,gA,1.829
2026-08-19T00:28Z,13167,gP,1.839
2026-08-19T00:28Z,13172,g95e5,1.609
2026-08-19T00:28Z,13172,gA,1.789
2026-08-19T00:28Z,13172,gP,1.799
2026-08-19T00:28Z,13179,g95e5,1.609
2026-08-19T00:28Z,13179,gA,1.729
2026-08-19T00:28Z,13184,g95e5,1.769
2026-08-19T00:28Z,13184,gA,1.909
2026-08-19T00:28Z,13207,g95e5,1.649
2026-08-19T00:28Z,13207,gA,1.659
2026-08-19T00:28Z,13209,g95e5,1.679
2026-08-19T00:28Z,13209,gA,1.759
2026-08-19T00:28Z,13209,gP,1.769
2026-08-19T00:28Z,13252,g95e5,1.659
2026-08-19T00:28Z,13252,gA,1.769
2026-08-19T00:28Z,13261,g95e5,1.639
2026-08-19T00:28Z,13261,gA,1.729
2026-08-19T00:28Z,13261,gP,1.739
2026-08-19T00:28Z,13322,g95e5,1.689
2026-08-19T00:28Z,13322,gA,1.799
2026-08-19T00:28Z,13323,g95e5,1.629
2026-08-19T00:28Z,13323,gA,1.749
2026-08-19T00:28Z,13356,g95e5,1.729
2026-08-19T00:28Z,13356,gA,1.889
2026-08-19T00:28Z,13358,g95e5,1.659
2026-08-19T00:28Z,13358,gA,1.719
2026-08-19T00:28Z,13367,g95e5,1.659
2026-08-19T00:28Z,13367,gA,1.775
2026-08-19T00:28Z,13386,g95e5,1.629
2026-08-19T00:28Z,13386,gA,1.749
2026-08-19T00:28Z,13409,g95e5,1.549
2026-08-19T00:28Z,13409,gA,1.729
2026-08-19T00:28Z,13431,g95e5,1.679
2026-08-19T00:28Z,13431,gA,1.809
2026-08-19T00:28Z,13433,g95e5,1.609
2026-08-19T00:28Z,13433,gA,1.769
2026-08-19T00:28Z,13455,g95e5,1.689
2026-08-19T00:28Z,13455,gA,1.799
2026-08-19T00:28Z,13458,g95e5,1.739
2026-08-19T00:28Z,13458,gA,1.829
2026-08-19T00:28Z,13473,g95e5,1.649
2026-08-19T00:28Z,13473,gA,1.789
2026-08-19T00:28Z,13495,g95e5,1.709
2026-08-19T00:28Z,13495,gA,1.749
2026-08-19T00:28Z,13512,g95e5,1.709
2026-08-19T00:28Z,13512,gA,1.889
2026-08-19T00:28Z,13512,gP,1.919
2026-08-19T00:28Z,13533,g95e5,1.739
2026-08-19T00:28Z,13533,gA,1.789
2026-08-19T00:28Z,13546,g95e5,1.629
2026-08-19T00:28Z,13546,gA,1.759
2026-08-19T00:28Z,13581,g95e5,1.669
2026-08-19T00:28Z,13581,gA,1.789
2026-08-19T00:28Z,13590,g95e5,1.689
2026-08-19T00:28Z,13590,gA,1.799
2026-08-19T00:28Z,13593,g95e5,1.649
2026-08-19T00:28Z,13593,gA,1.739
2026-08-19T00:28Z,13613,g95e5,1.637
2026-08-19T00:28Z,13613,gA,1.759
2026-08-19T00:28Z,13646,g95e5,1.649
2026-08-19T00:28Z,13646,gA,1.797
2026-08-19T00:28Z,13655,g95e5,1.639
2026-08-19T00:28Z,13655,gA,1.759
2026-08-19T00:28Z,13663,gA,1.519
2026-08-19T00:28Z,13663,gP,1.619
2026-08-19T00:28Z,13663,g98e5,1.539
2026-08-19T00:28Z,13672,g95e5,1.609
2026-08-19T00:28Z,13672,gA,1.729
2026-08-19T00:28Z,13680,g95e5,1.629
2026-08-19T00:28Z,13680,gA,1.749
2026-08-19T00:28Z,13683,g95e5,1.669
2026-08-19T00:28Z,13683,gA,1.749
2026-08-19T00:28Z,13692,g95e5,1.609
2026-08-19T00:28Z,13692,gA,1.729
2026-08-19T00:28Z,13707,g95e5,1.669
2026-08-19T00:28Z,13707,gA,1.809
2026-08-19T00:28Z,13725,g95e5,1.709
2026-08-19T00:28Z,13725,gA,1.779
2026-08-19T00:28Z,13726,g95e5,1.609
2026-08-19T00:28Z,13726,gA,1.809
2026-08-19T00:28Z,13752,g95e5,1.679
2026-08-19T00:28Z,13752,gA,1.779
2026-08-19T00:28Z,13762,g95e5,1.659
2026-08-19T00:28Z,13762,gA,1.775
2026-08-19T00:28Z,13777,g95e5,1.609
2026-08-19T00:28Z,13777,gA,1.769
2026-08-19T00:28Z,13785,g95e5,1.629
2026-08-19T00:28Z,13785,gA,1.745
2026-08-19T00:28Z,13814,g95e5,1.675
2026-08-19T00:28Z,13814,gA,1.777
2026-08-19T00:28Z,13819,g95e5,1.727
2026-08-19T00:28Z,13819,gA,1.789
2026-08-19T00:28Z,13847,g95e5,1.699
2026-08-19T00:28Z,13847,gA,1.809
2026-08-19T00:28Z,13862,g95e5,1.659
2026-08-19T00:28Z,13862,gA,1.789
2026-08-19T00:28Z,13900,g95e5,1.669
2026-08-19T00:28Z,13900,gA,1.809
2026-08-19T00:28Z,13902,g95e5,1.599
2026-08-19T00:28Z,13902,gA,1.789
2026-08-19T00:28Z,13915,g95e5,1.609
2026-08-19T00:28Z,13915,gA,1.769
2026-08-19T00:28Z,13953,g95e5,1.629
2026-08-19T00:28Z,13953,gA,1.749
2026-08-19T00:28Z,14017,g95e5,1.649
2026-08-19T00:28Z,14017,gA,1.789
2026-08-19T00:28Z,14037,g95e5,1.629
2026-08-19T00:28Z,14037,gA,1.749
2026-08-19T00:28Z,14049,g95e5,1.629
2026-08-19T00:28Z,14049,gA,1.749
2026-08-19T00:28Z,14079,g95e5,1.669
2026-08-19T00:28Z,14079,gA,1.789
2026-08-19T00:28Z,14097,g95e5,1.569
2026-08-19T00:28Z,14097,gA,1.729
2026-08-19T00:28Z,14097,gP,1.739
2026-08-19T00:28Z,14107,g95e5,1.689
2026-08-19T00:28Z,14107,gA,1.789
2026-08-19T00:28Z,14107,gP,1.799
2026-08-19T00:28Z,14111,g95e5,1.719
2026-08-19T00:28Z,14111,gA,1.829
2026-08-19T00:28Z,14111,gP,1.839
2026-08-19T00:28Z,14112,g95e5,1.629
2026-08-19T00:28Z,14112,gA,1.745
2026-08-19T00:28Z,14193,g95e5,1.629
2026-08-19T00:28Z,14193,gA,1.749
2026-08-19T00:28Z,14223,g95e5,1.629
2026-08-19T00:28Z,14223,gA,1.769
2026-08-19T00:28Z,14243,g95e5,1.569
2026-08-19T00:28Z,14243,gA,1.749
2026-08-19T00:28Z,14243,gP,1.759
2026-08-19T00:28Z,14255,g95e5,1.579
2026-08-19T00:28Z,14255,gA,1.749
2026-08-19T00:28Z,14290,g95e5,1.659
2026-08-19T00:28Z,14290,gA,1.769
2026-08-19T00:28Z,14290,gP,1.779
2026-08-19T00:28Z,14321,g95e5,1.729
2026-08-19T00:28Z,14321,gA,1.809
2026-08-19T00:28Z,14321,gP,1.819
2026-08-19T00:28Z,14321,g95e5p,1.739
2026-08-19T00:28Z,14343,g95e5,1.669
2026-08-19T00:28Z,14343,gA,1.769
2026-08-19T00:28Z,14358,g95e5,1.669
2026-08-19T00:28Z,14358,gA,1.749
2026-08-19T00:28Z,14358,gP,1.759
2026-08-19T00:28Z,14386,g95e5,1.659
2026-08-19T00:28Z,14386,gA,1.839
2026-08-19T00:28Z,14393,gA,1.469
2026-08-19T00:28Z,14401,g95e5,1.549
2026-08-19T00:28Z,14401,gA,1.729
2026-08-19T00:28Z,14401,gP,1.739
2026-08-19T00:28Z,14410,g95e5,1.659
2026-08-19T00:28Z,14410,gA,1.775
2026-08-19T00:28Z,14469,g95e5,1.649
2026-08-19T00:28Z,14469,gA,1.749
2026-08-19T00:28Z,14481,g95e5,1.705
2026-08-19T00:28Z,14481,gA,1.789
2026-08-19T00:28Z,14481,gP,1.799
2026-08-19T00:28Z,14495,g95e5,1.609
2026-08-19T00:28Z,14495,gA,1.729
2026-08-19T00:28Z,14496,g95e5,1.659
2026-08-19T00:28Z,14496,gA,1.689
2026-08-19T00:28Z,14496,gP,1.699
2026-08-19T00:28Z,14513,g95e5,1.659
2026-08-19T00:28Z,14513,gA,1.769
2026-08-19T00:28Z,14513,gP,1.779
2026-08-19T00:28Z,14585,g95e5,1.709
2026-08-19T00:28Z,14585,gA,1.829
2026-08-19T00:28Z,14585,gP,1.839
2026-08-19T00:28Z,14604,g95e5,1.639
2026-08-19T00:28Z,14604,gA,1.799
2026-08-19T00:28Z,14604,gP,1.809
2026-08-19T00:28Z,14613,g95e5,1.679
2026-08-19T00:28Z,14613,gA,1.759
2026-08-19T00:28Z,14613,gP,1.769
2026-08-19T00:28Z,14618,g95e5,1.639
2026-08-19T00:28Z,14618,gA,1.749
2026-08-19T00:28Z,14618,gP,1.759
2026-08-19T00:28Z,14633,g95e5,1.709
2026-08-19T00:28Z,14633,gA,1.769
2026-08-19T00:28Z,14633,gP,1.779
2026-08-19T00:28Z,14636,g95e5,1.689
2026-08-19T00:28Z,14636,gA,1.809
2026-08-19T00:28Z,14636,gP,1.819
2026-08-19T00:28Z,14678,g95e5,1.649
2026-08-19T00:28Z,14678,gA,1.769
2026-08-19T00:28Z,14679,g95e5,1.569
2026-08-19T00:28Z,14679,gA,1.779
2026-08-19T00:28Z,14679,gP,1.789
2026-08-19T00:28Z,14740,g95e5,1.709
2026-08-19T00:28Z,14740,gA,1.849
2026-08-19T00:28Z,14740,gP,1.859
2026-08-19T00:28Z,14757,g95e5,1.629
2026-08-19T00:28Z,14757,gA,1.749
2026-08-19T00:28Z,14757,gP,1.759
2026-08-19T00:28Z,14758,g95e5,1.639
2026-08-19T00:28Z,14758,gA,1.759
2026-08-19T00:28Z,14758,gP,1.769
2026-08-19T00:28Z,14764,g95e5,1.689
2026-08-19T00:28Z,14764,gA,1.809
2026-08-19T00:28Z,14764,gP,1.819
2026-08-19T00:28Z,14803,g95e5,1.629
2026-08-19T00:28Z,14803,gA,1.727
2026-08-19T00:28Z,14803,gP,1.737
2026-08-19T00:28Z,14815,g95e5,1.709
2026-08-19T00:28Z,14815,gA,1.829
2026-08-19T00:28Z,14820,g95e5,1.635
2026-08-19T00:28Z,14820,gA,1.755
2026-08-19T00:28Z,14820,gP,1.765
2026-08-19T00:28Z,14832,g95e5,1.735
2026-08-19T00:28Z,14832,gA,1.849
2026-08-19T00:28Z,14832,gP,1.859
2026-08-19T00:28Z,14842,g95e5,1.614
2026-08-19T00:28Z,14842,gA,1.749
2026-08-19T00:28Z,14842,gP,1.759
2026-08-19T00:28Z,14843,g95e5,1.709
2026-08-19T00:28Z,14843,gA,1.859
2026-08-19T00:28Z,14843,gP,1.869
2026-08-19T00:28Z,14844,g95e5,1.639
2026-08-19T00:28Z,14844,gA,1.779
2026-08-19T00:28Z,14862,g95e5,1.669
2026-08-19T00:28Z,14862,gA,1.789
2026-08-19T00:28Z,14862,gP,1.799
2026-08-19T00:28Z,14863,g95e5,1.725
2026-08-19T00:28Z,14863,gA,1.849
2026-08-19T00:28Z,14888,g95e5,1.639
2026-08-19T00:28Z,14888,gA,1.769
2026-08-19T00:28Z,14888,gP,1.779
2026-08-19T00:28Z,14892,g95e5,1.689
2026-08-19T00:28Z,14892,gA,1.879
2026-08-19T00:28Z,14892,gP,1.889
2026-08-19T00:28Z,14895,g95e5,1.739
2026-08-19T00:28Z,14895,gA,1.859
2026-08-19T00:28Z,14895,gP,1.869
2026-08-19T00:28Z,14902,g95e5,1.659
2026-08-19T00:28Z,14902,gA,1.769
2026-08-19T00:28Z,14902,gP,1.779
2026-08-19T00:28Z,14928,g95e5,1.649
2026-08-19T00:28Z,14928,gA,1.747
2026-08-19T00:28Z,14931,g95e5,1.679
2026-08-19T00:28Z,14931,gA,1.799
2026-08-19T00:28Z,14931,gP,1.809
2026-08-19T00:28Z,14932,g95e5,1.669
2026-08-19T00:28Z,14932,gA,1.749
2026-08-19T00:28Z,14932,gP,1.759
2026-08-19T00:28Z,14974,g95e5,1.639
2026-08-19T00:28Z,14974,gA,1.759
2026-08-19T00:28Z,14974,gP,1.769
2026-08-19T00:28Z,14976,g95e5,1.629
2026-08-19T00:28Z,14976,gA,1.779
2026-08-19T00:28Z,14976,gP,1.789
2026-08-19T00:28Z,14977,g95e5,1.639
2026-08-19T00:28Z,14977,gA,1.759
2026-08-19T00:28Z,14977,gP,1.769
2026-08-19T00:28Z,14993,g95e5,1.689
2026-08-19T00:28Z,14993,gA,1.799
2026-08-19T00:28Z,14993,gP,1.809
2026-08-19T00:28Z,15008,g95e5,1.709
2026-08-19T00:28Z,15008,gA,1.779
2026-08-19T00:28Z,15008,gP,1.789
2026-08-19T00:28Z,15027,g95e5,1.719
2026-08-19T00:28Z,15027,gA,1.769
2026-08-19T00:28Z,15027,gP,1.779
2026-08-19T00:28Z,15065,g95e5,1.689
2026-08-19T00:28Z,15065,gA,1.797
2026-08-19T00:28Z,15065,gP,1.807
2026-08-19T00:28Z,15068,g95e5,1.639
2026-08-19T00:28Z,15068,gA,1.779
2026-08-19T00:28Z,15074,g95e5,1.639
2026-08-19T00:28Z,15074,gA,1.749
2026-08-19T00:28Z,15074,gP,1.759
2026-08-19T00:28Z,15103,g95e5,1.659
2026-08-19T00:28Z,15103,gA,1.779
2026-08-19T00:28Z,15103,gP,1.789
2026-08-19T00:28Z,15154,g95e5,1.639
2026-08-19T00:28Z,15154,gA,1.779
2026-08-19T00:28Z,15159,g95e5,1.657
2026-08-19T00:28Z,15159,gA,1.779
2026-08-19T00:28Z,15159,gP,1.789
2026-08-19T00:28Z,15186,g95e5,1.689
2026-08-19T00:28Z,15186,gA,1.799
2026-08-19T00:28Z,15186,gP,1.809
2026-08-19T00:28Z,15187,g95e5,1.635
2026-08-19T00:28Z,15187,gA,1.755
2026-08-19T00:28Z,15187,gP,1.765
2026-08-19T00:28Z,15188,g95e5,1.669
2026-08-19T00:28Z,15188,gA,1.789
2026-08-19T00:28Z,15188,gP,1.799
2026-08-19T00:28Z,15209,g95e5,1.609
2026-08-19T00:28Z,15209,gA,1.769
2026-08-19T00:28Z,15209,gP,1.779
2026-08-19T00:28Z,15222,g95e5,1.669
2026-08-19T00:28Z,15222,gA,1.759
2026-08-19T00:28Z,15227,g95e5,1.709
2026-08-19T00:28Z,15227,gA,1.759
2026-08-19T00:28Z,15227,gP,1.769
2026-08-19T00:28Z,15259,g95e5,1.689
2026-08-19T00:28Z,15259,gA,1.809
2026-08-19T00:28Z,15259,gP,1.819
2026-08-19T00:28Z,15485,g95e5,1.639
2026-08-19T00:28Z,15485,gA,1.729
2026-08-19T00:28Z,15485,gP,1.739
2026-08-19T00:28Z,15490,g95e5,1.669
2026-08-19T00:28Z,15490,gA,1.809
2026-08-19T00:28Z,15490,gP,1.819
2026-08-19T00:28Z,15532,g95e5,1.629
2026-08-19T00:28Z,15532,gA,1.749
2026-08-19T00:28Z,15532,gP,1.759
2026-08-19T00:28Z,15533,g95e5,1.689
2026-08-19T00:28Z,15533,gA,1.809
2026-08-19T00:28Z,15533,gP,1.819
2026-08-19T00:28Z,15553,g95e5,1.669
2026-08-19T00:28Z,15553,gA,1.779
2026-08-19T00:28Z,15553,gP,1.789
2026-08-19T00:28Z,15588,g95e5,1.689
2026-08-19T00:28Z,15588,gA,1.779
2026-08-19T00:28Z,15588,gP,1.789
2026-08-19T00:28Z,15589,g95e5,1.609
2026-08-19T00:28Z,15589,gA,1.709
2026-08-19T00:28Z,15589,gP,1.719
2026-08-19T00:28Z,15591,g95e5,1.669
2026-08-19T00:28Z,15591,gA,1.769
2026-08-19T00:28Z,15591,gP,1.779
2026-08-19T00:28Z,15592,g95e5,1.629
2026-08-19T00:28Z,15592,gA,1.747
2026-08-19T00:28Z,15592,gP,1.757
2026-08-19T00:28Z,15612,g95e5,1.579
2026-08-19T00:28Z,15612,gA,1.769
2026-08-19T00:28Z,15612,gP,1.779
2026-08-19T00:28Z,15628,g95e5,1.609
2026-08-19T00:28Z,15628,gA,1.719
2026-08-19T00:28Z,15628,gP,1.729
2026-08-19T00:28Z,15634,g95e5,1.669
2026-08-19T00:28Z,15634,gA,1.769
2026-08-19T00:28Z,15634,gP,1.779
2026-08-19T00:28Z,15673,g95e5,1.669
2026-08-19T00:28Z,15673,gA,1.749
2026-08-19T00:28Z,15673,gP,1.759
2026-08-19T00:28Z,15678,g95e5,1.639
2026-08-19T00:28Z,15678,gA,1.749
2026-08-19T00:28Z,15678,gP,1.759
2026-08-19T00:28Z,15679,g95e5,1.709
2026-08-19T00:28Z,15679,gA,1.789
2026-08-19T00:28Z,15679,gP,1.799
2026-08-19T00:28Z,15680,g95e5,1.679
2026-08-19T00:28Z,15680,gA,1.809
2026-08-19T00:28Z,15680,gP,1.819
2026-08-19T00:28Z,15681,g95e5,1.629
2026-08-19T00:28Z,15681,gA,1.759
2026-08-19T00:28Z,15681,gP,1.769
2026-08-19T00:28Z,15683,g95e5,1.729
2026-08-19T00:28Z,15683,gA,1.809
2026-08-19T00:28Z,15683,gP,1.819
2026-08-19T00:28Z,15699,g95e5,1.617
2026-08-19T00:28Z,15699,gA,1.787
2026-08-19T00:28Z,15699,gP,1.797
2026-08-19T00:28Z,15710,g95e5,1.649
2026-08-19T00:28Z,15710,gA,1.749
2026-08-19T00:28Z,15710,gP,1.759
2026-08-19T00:28Z,15726,g95e5,1.629
2026-08-19T00:28Z,15726,gA,1.749
2026-08-19T00:28Z,15726,gP,1.759
2026-08-19T00:28Z,15740,g95e5,1.669
2026-08-19T00:28Z,15740,gA,1.769
2026-08-19T00:28Z,15740,gP,1.779
2026-08-19T00:28Z,15757,g95e5,1.679
2026-08-19T00:28Z,15757,gA,1.799
2026-08-19T00:28Z,15757,gP,1.809
2026-08-19T00:28Z,15758,g95e5,1.699
2026-08-19T00:28Z,15758,gA,1.799
2026-08-19T00:28Z,15758,gP,1.809
2026-08-19T00:28Z,15770,g95e5,1.689
2026-08-19T00:28Z,15770,gA,1.819
2026-08-19T00:28Z,15770,gP,1.829
2026-08-19T00:28Z,15771,g95e5,1.689
2026-08-19T00:28Z,15771,gA,1.779
2026-08-19T00:28Z,15771,gP,1.789
2026-08-19T00:28Z,15783,g95e5,1.689
2026-08-19T00:28Z,15783,gA,1.809
2026-08-19T00:28Z,15783,gP,1.819
2026-08-19T00:28Z,15789,g95e5,1.699
2026-08-19T00:28Z,15789,gA,1.825
2026-08-19T00:28Z,15789,gP,1.835
2026-08-19T00:28Z,15791,g95e5,1.629
2026-08-19T00:28Z,15791,gA,1.749
2026-08-19T00:28Z,15791,gP,1.759
2026-08-19T00:28Z,15792,g95e5,1.639
2026-08-19T00:28Z,15792,gA,1.769
2026-08-19T00:28Z,15792,gP,1.779
2026-08-19T00:28Z,15793,g95e5,1.659
2026-08-19T00:28Z,15793,gA,1.809
2026-08-19T00:28Z,15793,gP,1.819
2026-08-19T00:28Z,15796,g95e5,1.629
2026-08-19T00:28Z,15796,gA,1.745
2026-08-19T00:28Z,15796,gP,1.755
2026-08-19T00:28Z,15797,g95e5,1.659
2026-08-19T00:28Z,15797,gA,1.799
2026-08-19T00:28Z,15797,gP,1.809
2026-08-19T00:28Z,15820,g95e5,1.609
2026-08-19T00:28Z,15820,gA,1.769
2026-08-19T00:28Z,15820,gP,1.779
2026-08-19T00:28Z,15837,g95e5,1.659
2026-08-19T00:28Z,15837,gA,1.689
2026-08-19T00:28Z,15837,gP,1.699
2026-08-19T00:28Z,15850,g95e5,1.599
2026-08-19T00:28Z,15850,gA,1.729
2026-08-19T00:28Z,15850,gP,1.739
2026-08-19T00:28Z,15859,g95e5,1.689
2026-08-19T00:28Z,15859,gA,1.809
2026-08-19T00:28Z,15859,gP,1.819
2026-08-19T00:28Z,15863,g95e5,1.679
2026-08-19T00:28Z,15863,gA,1.789
2026-08-19T00:28Z,15863,gP,1.799
2026-08-19T00:28Z,15871,g95e5,1.589
2026-08-19T00:28Z,15871,gA,1.759
2026-08-19T00:28Z,15871,gP,1.769
2026-08-19T00:28Z,15876,g95e5,1.669
2026-08-19T00:28Z,15876,gA,1.749
2026-08-19T00:28Z,15876,gP,1.759
2026-08-19T00:28Z,15884,g95e5,1.687
2026-08-19T00:28Z,15884,gA,1.749
2026-08-19T00:28Z,15886,g95e5,1.579
2026-08-19T00:28Z,15886,gA,1.759
2026-08-19T00:28Z,15886,gP,1.769
2026-08-19T00:28Z,15900,g95e5,1.639
2026-08-19T00:28Z,15900,gA,1.779
2026-08-19T00:28Z,15900,gP,1.789
2026-08-19T00:28Z,15908,g95e5,1.689
2026-08-19T00:28Z,15908,gA,1.809
2026-08-19T00:28Z,15908,gP,1.819
2026-08-19T00:28Z,15910,g95e5,1.629
2026-08-19T00:28Z,15910,gA,1.745
2026-08-19T00:28Z,15910,gP,1.755
2026-08-19T00:28Z,15915,g95e5,1.609
2026-08-19T00:28Z,15915,gA,1.729
2026-08-19T00:28Z,15915,gP,1.739
2026-08-19T00:28Z,15917,g95e5,1.549
2026-08-19T00:28Z,15917,gA,1.649
2026-08-19T00:28Z,15918,g95e5,1.639
2026-08-19T00:28Z,15918,gA,1.759
2026-08-19T00:28Z,15918,gP,1.769
2026-08-19T00:28Z,15937,g95e5,1.669
2026-08-19T00:28Z,15937,gA,1.809
2026-08-19T00:28Z,15937,gP,1.819
2026-08-19T00:28Z,15948,g95e5,1.749
2026-08-19T00:28Z,15948,gA,1.829
2026-08-19T00:28Z,15948,gP,1.839
2026-08-19T00:28Z,15949,g95e5,1.685
2026-08-19T00:28Z,15949,gA,1.805
2026-08-19T00:28Z,15949,gP,1.815
2026-08-19T00:28Z,15950,g95e5,1.629
2026-08-19T00:28Z,15950,gA,1.789
2026-08-19T00:28Z,15950,gP,1.799
2026-08-19T00:28Z,15951,g95e5,1.609
2026-08-19T00:28Z,15951,gA,1.789
2026-08-19T00:28Z,15951,gP,1.799
2026-08-19T00:28Z,15956,g95e5,1.689
2026-08-19T00:28Z,15956,gA,1.769
2026-08-19T00:28Z,15968,g95e5,1.629
2026-08-19T00:28Z,15968,gA,1.759
2026-08-19T00:28Z,15968,gP,1.769
2026-08-19T00:28Z,15990,g95e5,1.679
2026-08-19T00:28Z,15990,gA,1.749
2026-08-19T00:28Z,15990,gP,1.759
2026-08-19T00:28Z,15991,g95e5,1.659
2026-08-19T00:28Z,15991,gA,1.769
2026-08-19T00:28Z,15991,gP,1.779
2026-08-19T00:28Z,16000,g95e5,1.689
2026-08-19T00:28Z,16000,gA,1.809
2026-08-19T00:28Z,16009,g95e5,1.639
2026-08-19T00:28Z,16009,gA,1.759
2026-08-19T00:28Z,16009,gP,1.769
2026-08-19T00:28Z,16016,g95e5,1.629
2026-08-19T00:28Z,16016,gA,1.789
2026-08-19T00:28Z,16016,gP,1.799
2026-08-19T00:28Z,16017,g95e5,1.709
2026-08-19T00:28Z,16017,gA,1.819
2026-08-19T00:28Z,16017,gP,1.829
2026-08-19T00:28Z,16023,g95e5,1.709
2026-08-19T00:28Z,16023,gA,1.779
2026-08-19T00:28Z,16024,g95e5,1.609
2026-08-19T00:28Z,16024,gA,1.749
2026-08-19T00:28Z,16024,gP,1.759
2026-08-19T00:28Z,16028,g95e5,1.609
2026-08-19T00:28Z,16028,gA,1.729
2026-08-19T00:28Z,16028,gP,1.739
2026-08-19T00:28Z,16029,g95e5,1.689
2026-08-19T00:28Z,16029,gA,1.799
2026-08-19T00:28Z,16029,gP,1.809
2026-08-19T00:28Z,16043,g95e5,1.629
2026-08-19T00:28Z,16043,gA,1.749
2026-08-19T00:28Z,16043,gP,1.759
2026-08-19T00:28Z,16047,g95e5,1.679
2026-08-19T00:28Z,16047,gA,1.779
2026-08-19T00:28Z,16047,gP,1.819
2026-08-19T00:28Z,16054,g95e5,1.659
2026-08-19T00:28Z,16054,gA,1.779
2026-08-19T00:28Z,16054,gP,1.789
2026-08-19T00:28Z,16056,g95e5,1.639
2026-08-19T00:28Z,16056,gA,1.749
2026-08-19T00:28Z,16056,gP,1.759
2026-08-19T00:28Z,16067,g95e5,1.729
2026-08-19T00:28Z,16067,gA,1.819
2026-08-19T00:28Z,16067,gP,1.829
2026-08-19T00:28Z,16070,g95e5,1.729
2026-08-19T00:28Z,16070,gA,1.799
2026-08-19T00:28Z,16070,gP,1.809
2026-08-19T00:28Z,16080,g95e5,1.609
2026-08-19T00:28Z,16080,gA,1.729
2026-08-19T00:28Z,16080,gP,1.739
2026-08-19T00:28Z,16089,g95e5,1.715
2026-08-19T00:28Z,16089,gA,1.855
2026-08-19T00:28Z,16089,gP,1.865
2026-08-19T00:28Z,16090,g95e5,1.629
2026-08-19T00:28Z,16090,gA,1.759
2026-08-19T00:28Z,16090,gP,1.769
2026-08-19T00:28Z,16098,g95e5,1.609
2026-08-19T00:28Z,16098,gA,1.729
2026-08-19T00:28Z,16101,g95e5,1.609
2026-08-19T00:28Z,16101,gA,1.729
2026-08-19T00:28Z,16101,gP,1.739
2026-08-19T00:28Z,16104,g95e5,1.609
2026-08-19T00:28Z,16104,gA,1.769
2026-08-19T00:28Z,16104,gP,1.779
2026-08-19T00:28Z,16108,g95e5,1.669
2026-08-19T00:28Z,16108,gA,1.789
2026-08-19T00:28Z,16108,gP,1.799
2026-08-19T00:28Z,16117,g95e5,1.559
2026-08-19T00:28Z,16117,gA,1.679
2026-08-19T00:28Z,16117,gP,1.689
2026-08-19T00:28Z,16117,g95e5p,1.569
2026-08-19T00:28Z,16119,g95e5,1.609
2026-08-19T00:28Z,16119,gA,1.729
2026-08-19T00:28Z,16119,gP,1.739
2026-08-19T00:28Z,16125,g95e5,1.669
2026-08-19T00:28Z,16125,gA,1.749
2026-08-19T00:28Z,16125,gP,1.759
2026-08-19T00:28Z,16128,g95e5,1.639
2026-08-19T00:28Z,16128,gA,1.749
2026-08-19T00:28Z,16128,gP,1.759
2026-08-19T00:28Z,16129,g95e5,1.649
2026-08-19T00:28Z,16129,gA,1.779
2026-08-19T00:28Z,16129,gP,1.789
2026-08-19T00:28Z,16130,g95e5,1.699
2026-08-19T00:28Z,16130,gA,1.809
2026-08-19T00:28Z,16130,gP,1.819
2026-08-19T00:28Z,16150,g95e5,1.709
2026-08-19T00:28Z,16150,gA,1.809
2026-08-19T00:28Z,16150,gP,1.819
2026-08-19T00:28Z,16151,g95e5,1.539
2026-08-19T00:28Z,16151,gA,1.779
2026-08-19T00:28Z,16151,gP,1.789
2026-08-19T00:28Z,16154,g95e5,1.609
2026-08-19T00:28Z,16154,gA,1.729
2026-08-19T00:28Z,16154,gP,1.739
2026-08-19T00:28Z,16155,g95e5,1.639
2026-08-19T00:28Z,16155,gA,1.749
2026-08-19T00:28Z,16155,gP,1.759
2026-08-19T00:28Z,16167,g95e5,1.639
2026-08-19T00:28Z,16167,gA,1.749
2026-08-19T00:28Z,16167,gP,1.759
2026-08-19T00:28Z,16170,g95e5,1.659
2026-08-19T00:28Z,16170,gA,1.769
2026-08-19T00:28Z,16170,gP,1.779
2026-08-19T00:28Z,16175,g95e5,1.569
2026-08-19T00:28Z,16175,gA,1.709
2026-08-19T00:28Z,16175,gP,1.719
2026-08-19T00:28Z,16186,g95e5,1.617
2026-08-19T00:28Z,16186,gA,1.787
2026-08-19T00:28Z,16186,gP,1.797
2026-08-19T00:28Z,16191,g95e5,1.599
2026-08-19T00:28Z,16191,gA,1.739
2026-08-19T00:28Z,16191,gP,1.749
2026-08-19T00:28Z,16192,g95e5,1.729
2026-08-19T00:28Z,16192,gA,1.809
2026-08-19T00:28Z,16192,gP,1.819
2026-08-19T00:28Z,16207,g95e5,1.599
2026-08-19T00:28Z,16229,g95e5,1.629
2026-08-19T00:28Z,16229,gA,1.809
2026-08-19T00:28Z,16229,gP,1.819
2026-08-19T00:28Z,16229,g95e5p,1.639
2026-08-19T00:28Z,16230,g95e5,1.589
2026-08-19T00:28Z,16230,gA,1.819
2026-08-19T00:28Z,16230,gP,1.829
2026-08-19T00:28Z,16230,g95e5p,1.599
2026-08-19T00:28Z,16248,g95e5,1.747
2026-08-19T00:28Z,16248,gA,1.809
2026-08-19T00:28Z,16248,gP,1.819
2026-08-19T00:28Z,16253,g95e5,1.589
2026-08-19T00:28Z,16253,gA,1.725
2026-08-19T00:28Z,16253,gP,1.735
2026-08-19T00:28Z,16253,g95e5p,1.599
2026-08-19T00:28Z,16260,g95e5,1.669
2026-08-19T00:28Z,16260,gA,1.809
2026-08-19T00:28Z,16260,gP,1.819
2026-08-19T00:28Z,16261,g95e5,1.686
2026-08-19T00:28Z,16261,gA,1.806
2026-08-19T00:28Z,16261,gP,1.816
2026-08-19T00:28Z,16263,g95e5,1.639
2026-08-19T00:28Z,16263,gA,1.769
2026-08-19T00:28Z,16275,g95e5,1.709
2026-08-19T00:28Z,16275,gA,1.759
2026-08-19T00:28Z,16275,gP,1.769
2026-08-19T00:28Z,16279,g95e5,1.679
2026-08-19T00:28Z,16279,gA,1.829
2026-08-19T00:28Z,16285,g95e5,1.669
2026-08-19T00:28Z,16285,gA,1.779
2026-08-19T00:28Z,16285,gP,1.789
2026-08-19T00:28Z,16285,g95e5p,1.679
2026-08-19T00:28Z,16302,g95e5,1.629
2026-08-19T00:28Z,16302,gA,1.769
2026-08-19T00:28Z,16302,gP,1.779
2026-08-19T00:28Z,16306,g95e5,1.569
2026-08-19T00:28Z,16306,gA,1.759
2026-08-19T00:28Z,16306,gP,1.769
2026-08-19T00:28Z,16306,g95e5p,1.579
2026-08-19T00:28Z,16310,g95e5,1.609
2026-08-19T00:28Z,16310,gA,1.709
2026-08-19T00:28Z,16310,gP,1.719
2026-08-19T00:28Z,16310,g95e5p,1.619
2026-08-19T00:28Z,16312,g95e5,1.609
2026-08-19T00:28Z,16312,gA,1.779
2026-08-19T00:28Z,16312,gP,1.789
2026-08-19T00:28Z,16317,g95e5,1.609
2026-08-19T00:28Z,16317,gA,1.729
2026-08-19T00:28Z,16317,gP,1.739
2026-08-19T00:28Z,16317,g95e5p,1.619
2026-08-19T00:28Z,16319,g95e5,1.669
2026-08-19T00:28Z,16319,gA,1.749
2026-08-19T00:28Z,16319,gP,1.759
2026-08-19T00:28Z,16320,g95e5,1.699
2026-08-19T00:28Z,16320,gA,1.809
2026-08-19T00:28Z,16320,gP,1.819
2026-08-19T00:28Z,16322,g95e5,1.609
2026-08-19T00:28Z,16322,gA,1.759
2026-08-19T00:28Z,16322,gP,1.769
2026-08-19T00:28Z,16322,g95e5p,1.619
2026-08-19T00:28Z,16328,g95e5,1.709
2026-08-19T00:28Z,16328,gA,1.819
2026-08-19T00:28Z,16328,gP,1.829
2026-08-19T00:28Z,16332,g95e5,1.609
2026-08-19T00:28Z,16332,gA,1.729
2026-08-19T00:28Z,16332,gP,1.739
2026-08-19T00:28Z,16350,g95e5,1.639
2026-08-19T00:28Z,16350,gA,1.759
2026-08-19T00:28Z,16350,gP,1.769
2026-08-19T00:28Z,16367,g95e5,1.589
2026-08-19T00:28Z,16367,gA,1.689
2026-08-19T00:28Z,16374,g95e5,1.609
2026-08-19T00:28Z,16374,gA,1.729
2026-08-19T00:28Z,16374,gP,1.739
2026-08-19T00:28Z,16374,g95e5p,1.619
2026-08-19T00:28Z,16398,g95e5,1.669
2026-08-19T00:28Z,16398,gA,1.769
2026-08-19T00:28Z,16398,gP,1.779
2026-08-19T00:28Z,16402,g95e5,1.569
2026-08-19T00:28Z,16402,gA,1.729
2026-08-19T00:28Z,16402,gP,1.739
2026-08-19T00:28Z,16402,g95e5p,1.579
2026-08-19T00:28Z,16404,g95e5,1.629
2026-08-19T00:28Z,16404,gA,1.769
2026-08-19T00:28Z,16404,gP,1.779
2026-08-19T00:28Z,16408,g95e5,1.689
2026-08-19T00:28Z,16408,gA,1.799
2026-08-19T00:28Z,16408,gP,1.809
2026-08-19T00:28Z,16419,g95e5,1.699
2026-08-19T00:28Z,16419,gA,1.759
2026-08-19T00:28Z,16419,gP,1.769
2026-08-19T00:28Z,16419,g95e5p,1.709
2026-08-19T00:28Z,16440,g95e5,1.539
2026-08-19T00:28Z,16440,gA,1.649
2026-08-19T00:28Z,16440,gP,1.659
2026-08-19T00:28Z,16440,g95e5p,1.549
2026-08-19T00:28Z,16443,g95e5,1.589
2026-08-19T00:28Z,16443,gA,1.729
2026-08-19T00:28Z,16443,gP,1.739
2026-08-19T00:28Z,16443,g95e5p,1.599
2026-08-19T00:28Z,16452,g95e5,1.539
2026-08-19T00:28Z,16452,gA,1.659
2026-08-19T00:28Z,16457,g95e5,1.599
2026-08-19T00:28Z,16457,gA,1.769
2026-08-19T00:28Z,16457,gP,1.779
2026-08-19T00:28Z,16457,g95e5p,1.609
2026-08-19T00:28Z,16459,g95e5,1.599
2026-08-19T00:28Z,16459,gA,1.759
2026-08-19T00:28Z,16459,gP,1.769
2026-08-19T00:28Z,16459,g95e5p,1.609
2026-08-19T00:28Z,16462,g95e5,1.609
2026-08-19T00:28Z,16462,gA,1.729
2026-08-19T00:28Z,16464,g95e5,1.609
2026-08-19T00:28Z,16464,gA,1.729
2026-08-19T00:28Z,16475,g95e5,1.549
2026-08-19T00:28Z,16475,gA,1.699
2026-08-19T00:28Z,16475,gP,1.709
2026-08-19T00:28Z,16475,g95e5p,1.559
2026-08-19T00:28Z,16478,g95e5,1.539
2026-08-19T00:28Z,16478,gA,1.699
2026-08-19T00:28Z,16478,gP,1.709
2026-08-19T00:28Z,16478,g95e5p,1.549
2026-08-19T00:28Z,16479,g95e5,1.589
2026-08-19T00:28Z,16479,gA,1.719
2026-08-19T00:28Z,16479,gP,1.729
2026-08-19T00:28Z,16479,g95e5p,1.599
2026-08-19T00:28Z,16480,g95e5,1.699
2026-08-19T00:28Z,16480,gA,1.789
2026-08-19T00:28Z,16486,g95e5,1.699
2026-08-19T00:28Z,16486,gA,1.779
2026-08-19T00:28Z,16486,gP,1.789
2026-08-19T00:28Z,16500,g95e5,1.529
2026-08-19T00:28Z,16500,gA,1.699
2026-08-19T00:28Z,16500,gP,1.709
2026-08-19T00:28Z,16500,g95e5p,1.539
2026-08-19T00:28Z,16502,g95e5,1.539
2026-08-19T00:28Z,16502,gA,1.669
2026-08-19T00:28Z,16502,gP,1.679
2026-08-19T00:28Z,16502,g95e5p,1.549
2026-08-19T00:28Z,16503,g95e5,1.629
2026-08-19T00:28Z,16503,gA,1.669
2026-08-19T00:28Z,16503,gP,1.679
2026-08-19T00:28Z,16503,g95e5p,1.639
